<?xml version="1.0" encoding="ISO-8859-1"?>

<project name="Cewolf Tag Library">
  <bannerLeft>
      <name>Mojo</name>
      <src>http://mojo.codehaus.org/images/mojo_logo.png</src>
      <href>http://mojo.codehaus.org</href>
   </bannerLeft>
   <bannerRight>
      <name>Codehaus</name>
      <src>http://mojo.codehaus.org/images/codehaus-small.png</src>
      <href>http://www.codehaus.org</href>
   </bannerRight>
   <body>
      <links>
         <item name="Mojo" href="http://mojo.codehaus.org"/>
         <item name="Maven" href="http://maven.apache.org/maven2"/>
      </links>
       <menu name="Overview">
      <item name="Introduction" href="brief.html"/>
      <item name="Tutuorial" href="tutorial.html"/>
      <item name="Tag Library" href="taglib.html"/>
      <item name="Screens" href="demo.html"/>
   <item name="Tag Library" href="taglib.html"/>
<item name="Javadoc" href="/javadoc/index.html"/>
<item name="Project" href="http://sourceforge.net/projects/cewolf"/>
<item name="Downloads" href="http://sourceforge.net/project/showfiles.php?group_id=57282"/>
<item name="Faq" href="/faq/faq.html"/>
    </menu>
    ${reports}
  </body>
</project>
